#post,comment_count,text_comments
1,1,daisybeet
1,2,"Breakfast of champions ğŸ’ªğŸ¼ Oats topped with blueberries, caramelized banana, hemp hearts, pepitas, Greek yogurt, and peanut butter ğŸ˜ This was such a delicious meal to refuel after a @rebeccakennedynyc strength workout! Honestly her playlist was so fire that I couldnâ€™t even pay attention to the workout half the time ğŸ¤·ğŸ¼â€â™€ï¸ Anyone else sing and dance during your workouts?"
1,3,daisybeet
1,4,......#feedfeed #spoonfeed #teamself #iamwellandgood #thekitchn #cookcl #buzzfeedfood #MyDomaineEats #foods4thought #cookcl #eatingwelleats #rslove #thechalkboardeats #bbg #FWhealthy #shapesquad #dietitiansofinstagram #registereddietitian #thenewhealthy #Daisybeet #bareaders #makesmewhole #cookingwithgoodful #f52community #WHStrong #dietitianapproved #oatmealbowl @onepeloton
1,5,snackwithstasia
1,6,YUM ğŸ’•
1,7,theresa.ay
1,8,So good ğŸ¤¤
1,9,blossomandmuse
1,10,ğŸ˜ğŸ˜ğŸ˜
1,11,thehungrykangaroo
1,12,Wow this is an amazing shot ğŸ˜
1,13,letysdailykitchen
1,14,Those bananas look ğŸ™ŒğŸ¼ğŸ¤¤ğŸ¤¤
1,15,alises.kitchen
1,16,Yum!
1,17,fitandwellmedgal
1,18,What a gorgeous breakfast!!ğŸ˜
1,19,goodness_with_g
1,20,This is my ideal bowlğŸ˜
1,21,shadaecooks
1,22,Looks so good!
1,23,throughthevine
1,24,ğŸ˜ğŸ˜ğŸ˜
1,25,balancedsarah
1,26,The best for sure ğŸ˜
1,27,samandherhealth
1,28,Dying for a bite! ğŸ˜
1,29,wellnesswmel
1,30,YUM
1,31,bites_withbri
1,32,The bananas are so perfect ğŸ˜©
1,33,chelsealeblancrdn
1,34,That looks amazing ğŸ˜ğŸ˜ love her workouts! Her runs are fun too!! ğŸ‰
1,35,nmahmpud
1,36,Recipe please
1,37,nourished.byplants
1,38,Those bananas ğŸ˜ğŸ˜ğŸ˜ğŸ˜
1,39,happydaybrands
1,40,This looks amazing ğŸ˜ğŸ˜
1,41,upbeet.eats
1,42,Beyond perfect bowlğŸ˜ love those toppings!
1,43,monkey_whit_banana
1,44,ğŸ¤¤ğŸ¤¤
1,45,nikkisnaturalkitchen
1,46,That caramelized banana ğŸ˜
1,47,healthyishfoods
1,48,So fun and delicious ğŸ’œ
1,49,foodie.nut
1,50,Wow !!ğŸ˜
1,51,emsearthyeats
1,52,GORGEOUS ğŸ˜ğŸ˜
1,53,sofitsohealthyy
1,54,Perfect bowl ğŸ˜
1,55,igourmet
1,56,this looks delicious
1,57,keepinlime
1,58,Ohhh caramelized banana! I havenâ€™t made those in forever!! So happy I saw this ğŸ¤¤
1,59,kitchentwins
1,60,yesss load up the blueberriesğŸ’™ğŸ˜
1,61,the.avocado.schoolhouse
1,62,OH. MY. This looks so so good ğŸ¤¤
1,63,radicallyrooted
1,64,WOWğŸ˜
1,65,dinnerin321
1,66,This oat bowl looks yummy! ğŸ‘ğŸ»ğŸ˜
1,67,starinfinitefood
1,68,Those bananas look perfect
1,69,kalejunkie
1,70,This is so pretty!!!!
1,71,munchinwithmaddie_
1,72,Caramelized bananas are a game changer ğŸ˜
1,73,amanda.ghee
1,74,Yes my fav!!
1,75,cravingsbycaitlin
1,76,Those nanners ğŸ˜ğŸ˜ğŸ˜
1,77,kaitgmiller
1,78,ğŸ˜ğŸ˜ğŸ˜ğŸ˜
1,79,hellohealthyeating
1,80,Brekkie goals! This is beautiful ğŸ˜â¤ï¸looks delicious!
1,81,kissmywheatgrass_
1,82,A dream âœ¨
1,83,jey_world_traveler
1,84,YummyğŸ‘ğŸ‘ğŸ‘ğŸ‘
1,85,goodfoodplayer
1,86,Great recommendation! I definitely sing and dance too :)
1,87,the_bananadiaries
1,88,The most ideal bowl right here ğŸ¥ºğŸ’—
1,89,leanneliveshealthy
1,90,Loving those caramelized bananas on top ğŸ˜
1,91,sailor_bailey
1,92,Love this bowl my friend
1,93,endocrinenutritionist
1,94,ğŸ˜ğŸ˜ğŸ˜
1,95,shuangys_kitchensink
1,96,This bowl ğŸ˜±
2,1,daisybeet
2,2,"Just gonna leave this stack of homemade vegetarian CRUNCHWRAP SUPREMES here ğŸ˜Â  â €â €â €â €â €â €â €â €â €â €â €â €This recipe is a new favorite in our house, and will surely be yours too! My version has melty cheese, black bean burgers, salsa, homemade guacamole, and more ğŸ˜ but you can customize the recipe to your make all your personal Crunchwrap supreme dreams come true. This easy recipe is now on the blog, along with detailed instructions on how to stack and fold it perfectly ğŸ™ŒğŸ¼Â  â €â €â €â €â €â €â €â €â €â €â €â €What would you add to your Crunchwrap supreme??Â  â €â €â €â €â €â €â €â €â €â €â €â €https://www.daisybeet.com/homemade-vegetarian-crunchwrap-supreme/"
2,3,katflei
2,4,Iâ€™m 39 weeks pregnant and have been craving garbage like Taco Bell so THANK YOU. Made these tonight and satisfied the craving with real ingredients.
2,5,splendid.spoon
2,6,Verified
2,7,Yummmmm
2,8,sweatwithlaurenhefez
2,9,Verified
2,10,Omggggggggg I canâ€™t wait to make these!!!!!!
2,11,daisybeet
2,12,......#feedfeed #spoonfeed #teamself #iamwellandgood #thekitchn #cookcl #buzzfeedfood #MyDomaineEats #foods4thought #cookcl #eatingwelleats #rslove #thechalkboardeats #bbg #FWhealthy #shapesquad #dietitiansofinstagram #registereddietitian #thenewhealthy #Daisybeet #bareaders #makesmewhole #cookingwithgoodful #f52community #WHStrong #dietitianapproved #crunchwrapsupreme
2,13,alises.kitchen
2,14,ğŸ˜
2,15,sofitsohealthyy
2,16,Oh wow ğŸ§¡ğŸ§¡
2,17,sun.redhaarku
2,18,Scrumptiously delicious ğŸ‘ğŸ»â¤ï¸ğŸ’•
2,19,goodness_with_g
2,20,That crunchğŸ˜ so yummy!!
2,21,throughthevine
2,22,I want one!!!
2,23,munchinwithmaddie_
2,24,You really dropped a bomb on us ğŸ˜®ğŸ’£
2,25,sweetsgreensandinbetweens
2,26,This looks amazing!!
2,27,panfriedstyle
2,28,â£ğŸ’™â£ğŸ’™â£ğŸ’™â£ğŸ’™â£ğŸ’™â£
2,29,walderwellness
2,30,ğŸ˜ğŸ˜ğŸ˜
2,31,starinfinitefood
2,32,That stack is amazing
2,33,gardenuity
2,34,ğŸ˜‹ this looks amazing!!
2,35,doshynko_alkaline_herbs
2,36,ğŸ˜ğŸ˜ğŸ˜
2,37,krolls_korner
2,38,IM SHOOKğŸ˜ must try these!!!
2,39,whenapricotsbloom
2,40,Epic!!!! ğŸ˜ğŸ˜‹ğŸ’š
2,41,eatpropergood
2,42,LOOK AT THESE ğŸ˜
2,43,emsearthyeats
2,44,YUMMğŸ˜ğŸ¤©
2,45,suchsweetthings
2,46,Okaaay I know what Iâ€™m making next time I crave Taco Bell ğŸŒ®ğŸ¤¤
2,47,balancedsarah
2,48,Need ğŸ˜
2,49,cleaneatskat
2,50,Wow yum!!!!
2,51,megmadewell_
2,52,Oh my goodness ğŸ˜
2,53,cozypeachkitchen
2,54,These look beyond delicious!! ğŸ˜
2,55,maukarina
2,56,This is the most wonderfulest thing to bless my feed. ğŸ¤¤
2,57,culinahealth
2,58,Yessss girl â¤ï¸
2,59,amanda.ghee
2,60,Omg these bring me right back to high school. SO BOMB
2,61,alishanoel
2,62,Bringing me back to my childhood ğŸ˜ğŸ˜ğŸ˜ I neeeed
2,63,kissmywheatgrass_
2,64,Wow ğŸ˜ğŸ˜
2,65,vegan.food.yums
2,66,Omfg YUMğŸ¤© I must recreate this. I miss crunch wraps!!
2,67,bake__with__sophie
2,68,Yummy
2,69,tunalmelt
2,70,Drooling
2,71,caroline.riberdy
2,72,Sooo good ğŸ˜
2,73,mb_withasideofpb
2,74,Um happy MONDAY!!
2,75,healthyishfoods
2,76,Dreamy ğŸ¤¤
2,77,balance_with_paulina
2,78,Yes ğŸ’œğŸ’œ
2,79,therealkaylacappiello
2,80,I need to make this ASAP ğŸ¤©ğŸ¤©
2,81,wheyyummy
2,82,OKAY
2,83,shapedbycharlotte
2,84,HELLOOOO ğŸ˜
2,85,kaitgmiller
2,86,Yummmm
2,87,healthfulblondie
2,88,ğŸ˜‹ğŸ˜‹ğŸ˜‹
2,89,sarahsdayoff
2,90,Ummmmmm YESğŸ™ŒğŸ»ğŸ˜
2,91,wholesomely_hannah
2,92,oh. my. goodnessğŸ¤© this stack is everything
2,93,nutritionalanat
2,94,Looks amazing!
2,95,kitchentwins
2,96,HOLY YUMMMğŸ¤¤ğŸ˜
2,97,finelymintzed
2,98,omg incredible ğŸ˜
2,99,_littlemissfoodie
2,100,wow ğŸ˜
2,101,rinke_00
2,102,@crunchwrap
2,103,leafbest4last
2,104,Tomorrow @tyler_thiel_ ğŸ’¯â™¥ï¸â€¼ï¸
2,105,party_time_fitness
2,106,@yoga_cici oh man this looks awesome. Thanks ci!
2,107,yoga_cici
2,108,@party_time_fitness
2,109,colettegirardin
2,110,@judivalzania @ginasidote
2,111,lmo27
2,112,@jennifablair another good resources!ğŸ˜Š
2,113,rinke_00
2,114,@crunchwrap
2,115,leafbest4last
2,116,Tomorrow @tyler_thiel_ ğŸ’¯â™¥ï¸â€¼ï¸
2,117,party_time_fitness
2,118,@yoga_cici oh man this looks awesome. Thanks ci!
2,119,yoga_cici
2,120,@party_time_fitness
2,121,colettegirardin
2,122,@judivalzania @ginasidote
2,123,lmo27
2,124,@jennifablair another good resources!ğŸ˜Š
3,1,daisybeet
3,2,"Happy Friday! Sharing the recipe for this CHIMICHURRI SALMON on the blog today ğŸ’š Have you ever had chimichurri? Itâ€™s the most delicious herby green sauce made with fresh herbs, onion, garlic, lemon, and olive oil. Itâ€™s addicting on fish, vegetables, tofu - you name it.Â  â €â €â €â €â €â €â €â €â €â €â €â €Youâ€™ll love this easy and flavor packed recipe! Serve the salmon with your favorite sides - and pour the extra chimichurri over everything ğŸ¤¤Â  â €â €â €â €â €â €â €â €â €â €â €â €Recipe on my blog - link in bio!Â  â €â €â €â €â €â €â €â €â €â €â €â €https://www.daisybeet.com/chimichurri-salmon-gluten-free/"
3,3,daisybeet
3,4,......#feedfeed #spoonfeed #teamself #iamwellandgood #thekitchn #cookcl #buzzfeedfood #MyDomaineEats #foods4thought #cookcl #eatingwelleats #rslove #thechalkboardeats #bbg #FWhealthy #shapesquad #dietitiansofinstagram #registereddietitian #thenewhealthy #Daisybeet #bareaders #makesmewhole #cookingwithgoodful #f52community #WHStrong #dietitianapproved #salmonrecipe
3,5,healthfulblondie
3,6,ğŸ˜‹ğŸ˜‹ğŸ˜‹
3,7,freshsoulfitness
3,8,Looks sensational
3,9,mb_withasideofpb
3,10,That salmon looks unreal but can we talk about those brussels ğŸ˜›ğŸ˜›
3,11,keepinlime
3,12,Oh yum!! This looks so fresh and delicious! ğŸ¤¤ğŸ¤¤
3,13,lady_crostata
3,14,ğŸ˜‹
3,15,goodness_with_g
3,16,Chimichirri makes everything better ğŸ˜
3,17,fithappens_ab
3,18,simple bowl but loving it
3,19,throughthevine
3,20,What a beautiful plate ğŸ˜
3,21,shadaecooks
3,22,Looks so good!
3,23,alissasimino
3,24,That looks like heaven in mouth ğŸ¤¤
3,25,therealkaylacappiello
3,26,ğŸ¤©ğŸ¤©
3,27,radicallyrooted
3,28,yummğŸ˜ğŸ˜
3,29,walderwellness
3,30,Chimichurri makes everything better ğŸ™ŒğŸ¼
3,31,emsearthyeats
3,32,Those Brussels ğŸ˜
3,33,gracewellness.yoga
3,34,All my favorite foods in one bowl ğŸ˜
3,35,hope.for.balance
3,36,You had me at chimichurri ğŸ˜ I LOVE chimichirri so much ğŸ’š The plate looks sooo good!
3,37,starinfinitefood
3,38,That salmon looks delish
3,39,becksliveshealthy
3,40,Those Brussels ğŸ˜ğŸ˜
3,41,gariannestable
3,42,Sounds so goodğŸ˜­
3,43,whatzoeeeats
3,44,Obsessed ğŸ˜
3,45,cravingsbycaitlin
3,46,Those Brussels ğŸ˜ğŸ˜ğŸ˜
3,47,chrissysfitguide
3,48,i want!
3,49,mom_the_lunch_lady
3,50,This looks so good!
3,51,munchinwithmaddie_
3,52,I love the sound of this ğŸ¤¤
3,53,_littlemissfoodie
3,54,this bowl though ğŸ™ŒğŸ½
3,55,zestmylemon
3,56,Such a delicious meal! Love that chimichurri
3,57,bananaberry
3,58,YeeeeesssssssğŸ˜
3,59,chelsealeblancrdn
3,60,Oh my goodness! I love chimichurri ğŸ˜ğŸ˜
3,61,thesmilingut
3,62,How delicious!!ğŸ¤©
3,63,kitchentwins
3,64,oohğŸ˜ğŸ˜those brussel sprouts look perfect!!
4,1,daisybeet
4,2,"Craving these gluten free apple pie bars for a midweek midday treat ğŸ With a buttery crust and cinnamon crumble topping, youâ€™ll want to go back for seconds (and thirds, letâ€™s be real). You can find the recipe on my blog, under the desserts section!Â  â €â €â €â €â €â €â €â €â €â €â €â €https://www.daisybeet.com/apple-pie-bars-with-streusel-topping-gluten-free/"
4,3,daisybeet
4,4,......#feedfeed #spoonfeed #teamself #iamwellandgood #thekitchn #cookcl #buzzfeedfood #MyDomaineEats #foods4thought #cookcl #eatingwelleats #rslove #thechalkboardeats #bbg #FWhealthy #shapesquad #dietitiansofinstagram #registereddietitian #thenewhealthy #Daisybeet #bareaders #makesmewhole #cookingwithgoodful #f52community #WHStrong #dietitianapproved #glutenfree
4,5,thewandering.avocado
4,6,That buttery crust looks lushh ğŸ˜
4,7,mb_withasideofpb
4,8,Mmmm you had me at buttery crust ğŸ˜›
4,9,ignitebars
4,10,Yum â¤ï¸â¤ï¸â¤ï¸
4,11,the_bananadiaries
4,12,They look and sound amazing ğŸ¥ºğŸ’—
4,13,itsavegetariansworld
4,14,YUUUMMMM i need i need ğŸ˜ğŸ˜
4,15,keepinlime
4,16,You had me at buttery crust ğŸ¤¤ğŸ¤¤
4,17,flourishnut
4,18,Omg so yum ğŸ˜ğŸ˜
4,19,munchinwithmaddie_
4,20,Iâ€™m craving those too ğŸ˜
4,21,goodness_with_g
4,22,Those applesğŸ˜ğŸ˜
4,23,winniesbalance
4,24,omg these bars look insane!
4,25,livewithsyd
4,26,looks amazing!
4,27,foodieforcrohnies
4,28,Well these look FAB ğŸ˜
4,29,krolls_korner
4,30,Love apple pie anything ğŸ™ŒğŸ¼ğŸ˜ these look so good
4,31,kitchentwins
4,32,need theseğŸ¤¤ğŸ˜
4,33,emsearthyeats
4,34,YummğŸ˜
4,35,adventureswithtyn
4,36,giving me fall vibes i will take it!!
4,37,culinahealth
4,38,Girl ğŸ˜ğŸ˜ğŸ˜ğŸ˜ here for these!!
4,39,yesapples
4,40,Omg YUM
4,41,starinfinitefood
4,42,These look so good!
4,43,happydaybrands
4,44,Now weâ€™re hungry all over again ğŸ¤¤ğŸ˜
5,1,daisybeet
5,2,"Avocado toast with the most ğŸ¥‘ Throwing it back to these perfect toasts with so much flavor! I love to spread a layer of plain Greek yogurt on avocado toast for a tangy, creamy addition. Then salt, pepper, red pepper flakes, and lemon juice on top ğŸ™ŒğŸ¼Â  â €â €â €â €â €â €â €â €â €â €â €â €How do you make your avocado toast?"
5,3,daisybeet
5,4,......#feedfeed #spoonfeed #teamself #iamwellandgood #thekitchn #cookcl #buzzfeedfood #MyDomaineEats #foods4thought #cookcl #eatingwelleats #rslove #thechalkboardeats #bbg #FWhealthy #shapesquad #dietitiansofinstagram #registereddietitian #thenewhealthy #Daisybeet #bareaders #makesmewhole #cookingwithgoodful #f52community #WHStrong #dietitianapproved #avocadotoast
5,5,slowup
5,6,she is perfect ğŸ™ŒğŸ¼ğŸ˜ğŸ™ŒğŸ¼
5,7,keepinlime
5,8,SO PERFECT ğŸ˜ğŸ™ŒğŸ¼
5,9,nourished.byplants
5,10,Perfection ğŸ˜ğŸ˜ğŸ˜
5,11,flourishnut
5,12,Perfection ğŸ˜
5,13,dinnerin321
5,14,This looks yummy! ğŸ˜
5,15,ignitebars
5,16,Perfect ğŸ’•ğŸ’•
5,17,chrissysfitguide
5,18,i want!
5,19,briewilly
5,20,Well you SCORED with this avocado ğŸ˜±
5,21,goodness_with_g
5,22,Perfect slicesğŸ˜ğŸ˜
5,23,healthfulblondie
5,24,omgğŸ˜‹ğŸ˜‹
5,25,shadaecooks
5,26,Perfection ğŸ¥‘
5,27,nurturingbodyandmind
5,28,WHOA ğŸ‘ğŸ»
5,29,endocrinenutritionist
5,30,ğŸ˜ğŸ˜ğŸ˜ beautiful
5,31,panfriedstyle
5,32,â£ğŸ’šâ£ğŸ’šâ£ğŸ’šâ£ğŸ’šâ£ğŸ’šâ£
5,33,_littlemissfoodie
5,34,these are loadeddddd ğŸ˜
5,35,starinfinitefood
5,36,Seriously the best sight
5,37,whatchristineeatss
5,38,so perfect. no words.
5,39,emsearthyeats
5,40,So dang perfect ğŸ˜
5,41,throughthevine
5,42,YummmmğŸ˜
5,43,wildgrainbox
5,44,ğŸ˜ğŸ˜
5,45,laurenvpilates
5,46,ğŸ˜ğŸ˜ğŸ˜ nothing is prettier than that!
5,47,walderwellness
5,48,Perfectly sliced!
5,49,krolls_korner
5,50,I canâ€™t get over theseğŸ˜
5,51,healthymoodsf
5,52,This looks amazing ğŸ˜
5,53,cozypeachkitchen
5,54,Those avocado slicing skills! Looks so delicious â˜ºï¸
5,55,therealkaylacappiello
5,56,This avocado!!
5,57,adventureswithtyn
5,58,Iâ€™ll take some for sure
5,59,mb_withasideofpb
5,60,I canâ€™t look away ğŸ˜›ğŸ˜›
5,61,skyeshealthyeats
5,62,this is seriously unrealğŸ¤©ğŸ¤¤
5,63,katie_thedietitian
5,64,Never tried this with Greek yogurt! I just had avo toast this morning- an egg and everything bagel seasoning ğŸ˜
5,65,becksliveshealthy
5,66,Toast perfection!!ğŸ’¯
5,67,djdives
5,68,"I always mash mine up! That way I don't have to worry about cutting it up nicely lol. Then I mix with a splash of lemon juice, salt, pepper, and paprika or red pepper flakes."
5,69,holic.foods
5,70,This would be amazing for #ToastTuesday!
5,71,munchinwithmaddie_
5,72,Ohh Iâ€™ll have to try the yogurt trick!
5,73,simplenbalanced
5,74,Goals!!ğŸ˜ğŸ˜
5,75,zestmylemon
5,76,Yummy yum ğŸ˜‹
5,77,cravingsbycaitlin
5,78,Perfect avo slices ğŸ˜
5,79,stuffontoast
5,80,ğŸ¤¤ğŸ¤¤ğŸ¤¤ wowee ğŸ˜‹
5,81,hellohealthyeating
5,82,Avo toast goals!! These look perfect!! So colorful and delicious ğŸ¤—
5,83,kitchentwins
5,84,seriously perfectğŸ˜ğŸ¤¤
5,85,the_bananadiaries
5,86,Those avo slices are legit perfect ğŸ˜
5,87,thealmondeater
5,88,This is almost too pretty to eat!
5,89,inhercompany
5,90,@swaggymaddox doesnâ€™t this look delish?
5,91,inhercompany
5,92,@swaggymaddox doesnâ€™t this look delish?
5,93,inhercompany
5,94,@swaggymaddox doesnâ€™t this look delish?
6,1,daisybeet
6,2,"Happy Monday and MLK day ğŸ’• Today Iâ€™m sharing the recipe for this coconut quinoa porridge on the blog!Â  â €â €â €â €â €â €â €â €â €â €â €â €If you like oatmeal ğŸ™‹ğŸ¼â€â™€ï¸ youâ€™re going to love this recipe! Quinoa is cooked in rich coconut milk, cinnamon, ginger, and maple syrup ğŸ¤¤ Then add your favorite toppings like fresh fruit and nuts. This easy breakfast takes about 20 minutes to make, and is filled with plant-based protein, fiber, and healthy fats. Get the vegan, gluten free recipe on my blog - link in bio ğŸ˜˜ https://www.daisybeet.com/coconut-quinoa-porridge-with-cinnamon-and-ginger-vegan-gluten-free/"
6,3,isabelsmithnutrition
6,4,Verified
6,5,ğŸ˜ğŸ˜ğŸ˜ğŸ˜
6,6,daisybeet
6,7,......#feedfeed #spoonfeed #teamself #iamwellandgood #thekitchn #cookcl #buzzfeedfood #MyDomaineEats #foods4thought #cookcl #eatingwelleats #rslove #thechalkboardeats #bbg #FWhealthy #shapesquad #dietitiansofinstagram #registereddietitian #thenewhealthy #Daisybeet #bareaders #makesmewhole #cookingwithgoodful #f52community #WHStrong #dietitianapproved #vegan #quinoaporridge
6,8,freshsoulfitness
6,9,Looks so heavenly
6,10,throughthevine
6,11,Soooo delicious ğŸ˜
6,12,procrastibakingwithmia
6,13,My gooodness all that fruitğŸ˜ğŸ˜
6,14,mb_withasideofpb
6,15,The toppings are unreal ğŸ˜›
6,16,thepagel_
6,17,Ohhh ğŸ™ŒğŸ»ğŸ¤¤ gimme
6,18,walderwellness
6,19,Havenâ€™t had quino porridge in yearsss!
6,20,emsearthyeats
6,21,Gorgeous ğŸ˜
6,22,healthyrnlife
6,23,Ahhh! So pretty!!!ğŸ™Œ
6,24,starinfinitefood
6,25,Mmmmm I still havenâ€™t tried quinoa for breakfast
6,26,goodness_with_g
6,27,What a dreamy bowlğŸ˜ love breakfast quinoa!
6,28,shuangys_kitchensink
6,29,Need this duoo
6,30,the_bananadiaries
6,31,These look and sound just lovely ğŸ¤—ğŸ’—
6,32,milkedsomecashews
6,33,so colorfulğŸ˜ğŸ’œ
6,34,conscioustable
6,35,These look beautiful!
6,36,samandherhealth
6,37,Such a yummy way to have quinoa! ğŸ˜
6,38,kitchentwins
6,39,looks so goodğŸ˜ğŸ¤¤
6,40,colleens_fitjourney
6,41,Those toppings though ğŸ˜
6,42,serenatanzer
6,43,LOVE! canâ€™t wait to try! ğŸ˜
6,44,kissmywheatgrass_
6,45,This is stunning â¤ï¸â¤ï¸
6,46,sweetsgreensandinbetweens
6,47,Love sweet quinoa! Such a yummy alternative to oatmeal ğŸ˜
6,48,yesapples
6,49,Beautiful ğŸ˜
6,50,feedyourselff
6,51,INSANE
6,52,fallonmelero_
6,53,@daisybeet is the coconut milk from a can or the ones found in the carton :) looks amazing I definitely want to try!
6,54,emsearthyeats
6,55,Gorgeous ğŸ˜
6,56,healthyrnlife
6,57,Ahhh! So pretty!!!ğŸ™Œ
6,58,starinfinitefood
6,59,Mmmmm I still havenâ€™t tried quinoa for breakfast
6,60,goodness_with_g
6,61,What a dreamy bowlğŸ˜ love breakfast quinoa!
6,62,shuangys_kitchensink
6,63,Need this duoo
6,64,the_bananadiaries
6,65,These look and sound just lovely ğŸ¤—ğŸ’—
6,66,milkedsomecashews
6,67,so colorfulğŸ˜ğŸ’œ
6,68,conscioustable
6,69,These look beautiful!
6,70,samandherhealth
6,71,Such a yummy way to have quinoa! ğŸ˜
6,72,kitchentwins
6,73,looks so goodğŸ˜ğŸ¤¤
6,74,colleens_fitjourney
6,75,Those toppings though ğŸ˜
7,1,daisybeet
7,2,"You guys will LOVE this vegan creamy sun dried tomato pasta recipe! Made with nourishing, nutrient-dense ingredients including @zenb_life Pasta, this dish is packed with plant-based protein, fiber and healthy fats.Â  â €â €â €â €â €â €â €â €â €â €â €â €The creamy sun dried tomato sauce is super easy to whip up in your blender. I used @zenb_life Penne Pasta, which is made from 100% yellow peas. @zenb_life uses the entire yellow pea (including the skin) to make their pasta, which makes it high in fiber and a good source of protein. It's an excellent alternative for your pasta recipes because it has the same taste and al dente texture as traditional pasta.Â  â €â €â €â €â €â €â €â €â €â €â €â €You can find this vegan, gluten free recipe on my blog now. Click the link in my bio to get the recipe and to try all three pasta shapes with the @zenb_life pasta starter pack for $14.99 and free shipping! #sponsored #ZENBpartner #ZENBPasta #ZENBRecipes #ZENBLife"
7,3,thehumblepescatarian
7,4,That pasta looks incredible ğŸ˜
7,5,alilizzi
7,6,Looks sooo good!! ğŸ˜ğŸ˜
7,7,mia_staygold
7,8,YummmmmğŸ¤©
7,9,chrissysfitguide
7,10,this looks incredible!
7,11,daisybeet
7,12,......#feedfeed #spoonfeed #teamself #iamwellandgood #thekitchn #cookcl #buzzfeedfood #MyDomaineEats #foods4thought #cookcl #eatingwelleats #rslove #thechalkboardeats #bbg #FWhealthy #shapesquad #dietitiansofinstagram #registereddietitian #Daisybeet #bareaders #makesmewhole #f52community #WHStrong #dietitianapproved #vegan
7,13,kendallkathleenb
7,14,Made this yesterday and it was a hit!  Put the leftover sauce on steamed broccoli ğŸ˜
7,15,throughthevine
7,16,This bowl ğŸ˜
7,17,kalejunkie
7,18,Looks so good!!!!!!
7,19,goodness_with_g
7,20,Sun dried tomatoes are my FAVğŸ˜
7,21,upbeet.eats
7,22,The creamiestğŸ˜
7,23,nikki_booch
7,24,looks so creamy & delicious! ğŸ˜
7,25,emsearthyeats
7,26,Looks so cozy ğŸ¤©
7,27,walderwellness
7,28,Sun dried tomatoes ğŸ˜
7,29,starinfinitefood
7,30,Oh it looks so dreamy
7,31,sofitsohealthyy
7,32,Looks amazeeee
7,33,healthymoodsf
7,34,That looks amazing Daisy!ğŸ˜
7,35,winniesbalance
7,36,love thst pasta ğŸ˜ğŸ˜
7,37,krolls_korner
7,38,Love trying new pastas! Gotta pick this one upğŸ™ŒğŸ¼
7,39,shuangys_kitchensink
7,40,PASTABILY the best combo
7,41,sailor_bailey
7,42,Creamy delish
7,43,zenb_life
7,44,Verified
7,45,Time to break out the blender!
7,46,zachalpern
7,47,@doreyscheimer
8,1,daisybeet
8,2,"How to make Mediterranean baked feta âœ¨Â  â €â €â €â €â €â €â €â €â €â €â €â €Hereâ€™s a how-to video of my latest blog recipe! I hope this shows just how easy it is to make ğŸ˜Œ Iâ€™m definitely going to whip this up again soon, because Ben and I both LOVED it!Â  â €â €â €â €â €â €â €â €â €â €â €â €You can find the full recipe on my blog - link in bio ğŸ˜˜ https://www.daisybeet.com/mediterranean-baked-feta-gluten-free/"
8,3,whenapricotsbloom
8,4,Yaaaaaaaaas ğŸ¤¤
8,5,healthymoodsf
8,6,Saving this ğŸ˜
8,7,goodness_with_g
8,8,This is my FAVğŸ˜
8,9,traci.pcarlton
8,10,Made this last night ... we loved it!
8,11,somethingnutritious
8,12,Yum!!
8,13,alwaysromainecalm
8,14,Wow this looks phenomenal
8,15,kitchentwins
8,16,need to make this!!ğŸ˜
8,17,starinfinitefood
8,18,Oh yum I need to do this
8,19,daisybeet
8,20,......#feedfeed #spoonfeed #teamself #iamwellandgood #thekitchn #cookcl #buzzfeedfood #MyDomaineEats #foods4thought #cookcl #eatingwelleats #rslove #thechalkboardeats #bbg #FWhealthy #shapesquad #dietitiansofinstagram #registereddietitian #thenewhealthy #Daisybeet #bareaders #makesmewhole #cookingwithgoodful #f52community #WHStrong #dietitianapproved #bakedfeta #healthyrecipes
8,21,audrius_dvar
8,22,ğŸ‘Œ
8,23,thesaltycooker
8,24,"Yumm, looks absolutely delishğŸ™Œ"
8,25,the.avocado.schoolhouse
8,26,"Just made this! AND, itâ€™s soooo good!!! Thanks for sharing!"
8,27,chens_plate
8,28,Wow yum ğŸ˜ğŸ˜
8,29,sofitsohealthyy
8,30,Wow ğŸ˜
8,31,the_bananadiaries
8,32,Okay this sounds AMAZING ğŸ˜
8,33,kalejunkie
8,34,Love it girlfriend!
8,35,jeanniebuckmanwellness
8,36,"Ooh I never thought of this, sounds good."
8,37,zestmylemon
8,38,ğŸ¤¤ğŸ¤¤ğŸ¤¤ğŸ¤¤ğŸ¤¤ğŸ¤¤ğŸ¤¤
8,39,_beautyandthegreens
8,40,Wowww!!! ğŸ¤©ğŸ¤©ğŸ¤©
8,41,_littlemissfoodie
8,42,woah yum ğŸ˜‹
8,43,rayshealthyways
8,44,Looks so delicious ğŸ˜
8,45,keepinlime
8,46,Mouth watering perfection!!
8,47,chelseyamernutrition
8,48,This is so soothing to watch!
8,49,qbank1
8,50,ğŸ”¥
8,51,vanessarissettord
8,52,LOVE this ğŸ˜
8,53,throughthevine
8,54,Love this ğŸ˜
8,55,peanutbutterandkenz
8,56,ğŸ˜ğŸ˜ğŸ˜
8,57,realgood_nutrition
8,58,Love! Do you think this would work with a hunk of vegan feta?
8,59,emsearthyeats
8,60,I needğŸ˜
8,61,endocrinenutritionist
8,62,this looks so good ğŸ˜ğŸ˜
8,63,type1diabetes.nutritionist
8,64,Yum! ğŸ‘
8,65,fitandwellmedgal
8,66,This looks amazing ğŸ˜
8,67,krolls_korner
8,68,K whatğŸ˜ i want this like yesterday
8,69,pauskitchen
8,70,@daisybeet beautiful and I wish we could just go to the Med but this will do nicely for now
8,71,pauskitchen
8,72,@daisybeet beautiful and I wish we could just go to the Med but this will do nicely for now
8,73,pauskitchen
8,74,@daisybeet beautiful and I wish we could just go to the Med but this will do nicely for now
9,1,daisybeet
9,2,"Pop quiz for national gluten free day: Do you know what gluten is? #yesapplespartnerÂ  â €â €â €â €â €â €â €â €â €â €â €â €A: Gluten is the protein found in wheat, barley, rye, and triticale. It provides structure to these grains, but some people are intolerant to, or have anÂ autoimmune response to gluten (Celiac disease).Â Whether or not you follow a gluten free diet, so many delicious foods are naturally gluten free! The fruits, veggies, nuts, seeds, dairy, and protein that make up our meals all do not contain gluten. There are also plenty of gluten free grains, including quinoa, rice, gluten free oats, and buckwheat.Â  â €â €â €â €â €â €â €â €â €â €â €â €Since it's gluten free day, Â I've got my favorite gluten free grain in my breakfast bowl. Coconut quinoa breakfast porridge with fresh fruit and nuts is the vibe this morning! ğŸ¤¤ Cooked in coconut milk, cinnamon, ginger, and a little maple syrup, it's the perfect vehicle for nuts, seeds, fresh fruit andÂ @koruappleusa. ğŸ They're one of my favorite apples because they're crunchy, sweet, and slow to brown (perfect for food photography, hehe). What's your favorite gluten free meal?Â @yesapples"
9,3,sailor_bailey
9,4,Loveeee apples so much
9,5,cravingsbycaitlin
9,6,Alll of that fruit!!
9,7,chrissysfitguide
9,8,yum!
9,9,krolls_korner
9,10,Mmm love apples! Need to pick some of these up asapğŸ™ŒğŸ¼
9,11,louiem418
9,12,ğŸ”¥So amazeğŸ˜‹
9,13,foodess
9,14,Verified
9,15,ğŸ¤¤ğŸ¤¤ğŸ¤¤
9,16,strongwithoutgluten
9,17,Looks amazing ğŸ˜
9,18,dietitian_brit
9,19,That looks so good! I have to try quinoa for breakfast now
9,20,throughthevine
9,21,Love this bowl ğŸ˜
9,22,whenapricotsbloom
9,23,I need more breakfasts like this in my life! ğŸ’œğŸ’œğŸ’œ
9,24,starinfinitefood
9,25,I had no idea it was National gluten free day
9,26,nurturingbodyandmind
9,27,Love apples and blueberries together ğŸ˜
9,28,mb_withasideofpb
9,29,Love this sweet breakfast spin on quinoa!! And of course those toppings ğŸ˜›
9,30,walderwellness
9,31,Time to make some apple oats ğŸ˜
9,32,simplenbalanced
9,33,Yum!!
9,34,yesapples
9,35,So helpful and this porridge looks delicious! ğŸ˜
9,36,healthymoodsf
9,37,ğŸ˜ğŸ˜ğŸ˜ğŸ˜ğŸ˜
9,38,the_bananadiaries
9,39,Love love love everything in here ğŸ¤—ğŸ’—
9,40,adventureswithtyn
9,41,Cannot believe itâ€™s GF day!! Love to see it
9,42,healthfulblondie
9,43,ğŸ˜‹ğŸ˜‹
9,44,theskinnydoughnut
9,45,Wow ğŸ¤¤
9,46,goodness_with_g
9,47,Loooove these applesğŸ˜
9,48,hansfoodstagramm
9,49,yummmyyğŸ˜
9,50,ignitebars
9,51,Yum âš¡ï¸âš¡ï¸
9,52,anniemaeseats
9,53,so good!
9,54,eatsbyramya
9,55,Love all the apples ğŸ¥°ğŸ¥°
9,56,nattyd_fit
9,57,this looks so good ğŸ¤©
9,58,simplenbalanced
9,59,Looks amaze!
9,60,fitbykenzb
9,61,So fresh loooking ğŸ˜
9,62,berthazambrano63
9,63,Yummy ğŸ˜‹
9,64,sun.redhaarku
9,65,Energizing ğŸ‘ğŸ»â¤ï¸ğŸ’•
9,66,sun.redhaarku
9,67,Energy in actionğŸ‘ğŸ»ğŸ’•
9,68,sun.redhaarku
9,69,Energy on displayâ¤ï¸ğŸ’•ğŸ‘ğŸ»
9,70,levi.the.rad.vegan
9,71,ğŸ¤©ğŸ¤©ğŸ¤©
9,72,feedyourselff
9,73,YUMğŸ˜‹
9,74,hansfoodstagramm
9,75,yummmyyğŸ˜
9,76,ignitebars
9,77,Yum âš¡ï¸âš¡ï¸
9,78,anniemaeseats
9,79,so good!
9,80,eatsbyramya
9,81,Love all the apples ğŸ¥°ğŸ¥°
9,82,nattyd_fit
9,83,this looks so good ğŸ¤©
9,84,simplenbalanced
9,85,Looks amaze!
9,86,fitbykenzb
9,87,So fresh loooking ğŸ˜
9,88,berthazambrano63
9,89,Yummy ğŸ˜‹
9,90,sun.redhaarku
9,91,Energizing ğŸ‘ğŸ»â¤ï¸ğŸ’•
9,92,sun.redhaarku
9,93,Energy in actionğŸ‘ğŸ»ğŸ’•
9,94,sun.redhaarku
9,95,Energy on displayâ¤ï¸ğŸ’•ğŸ‘ğŸ»
9,96,levi.the.rad.vegan
9,97,ğŸ¤©ğŸ¤©ğŸ¤©
9,98,feedyourselff
9,99,YUMğŸ˜‹
11,1,daisybeet
11,2,"Iâ€™ve been so cold all day and Iâ€™m craving the warmest, most comforting meals and snacks ğŸ¥¶ This miso pumpkin risotto would be perfect to make for a chilly night! Eating it feels like youâ€™re wrapping yourself up in the fuzziest blanket ğŸ¥° Grab this (vegan) recipe on my blog!Â  â €â €â €â €â €â €â €â €â €â €â €â €https://www.daisybeet.com/miso-pumpkin-risotto-vegan-gluten-free/"
11,3,kalememaybe
11,4,Verified
11,5,Yum!!
11,6,onceuponapumpkin
11,7,Verified
11,8,NEED this ! ğŸ˜
11,9,daisybeet
11,10,......#feedfeed #spoonfeed #teamself #iamwellandgood #thekitchn #cookcl #buzzfeedfood #MyDomaineEats #foods4thought #cookcl #eatingwelleats #rslove #thechalkboardeats #bbg #FWhealthy #shapesquad #dietitiansofinstagram #registereddietitian #thenewhealthy #Daisybeet #bareaders #makesmewhole #cookingwithgoodful #f52community #WHStrong #dietitianapproved #vegan #veganrisotto
11,11,louiem418
11,12,ğŸ”¥So feelinâ€™
11,13,iquitsugar
11,14,Looks so delish ğŸ˜‹
11,15,realfoodwithsarah
11,16,"Wow drooling, this looks so cozy â˜ºï¸"
11,17,saraswati.ayurveda
11,18,That miso and pumpkin sounds so yum ğŸ˜‹
11,19,cleanedmy_plate
11,20,Ok i see the creaminessğŸ™‹ğŸ¼â€â™€ï¸
11,21,happydaybrands
11,22,This looks incredible ğŸ˜
11,23,the_bananadiaries
11,24,Omgsh this looks just LOVELY Alex!! ğŸ˜wish I had a bowl right now!
11,25,highonsweatt
11,26,Drooling over this ğŸ˜ğŸ˜
11,27,valleyacupuncture
11,28,ğŸ˜‹ğŸ¥°
11,29,nourishedstarts
11,30,Looks so amazing ğŸ‘ŒğŸ»ğŸ˜‹
11,31,hakalifewarrior
11,32,OMG.. this looks uneral.. miso and pumpkin!
11,33,my_hot_pan
11,34,Great dish ğŸ˜â¤ï¸
11,35,cozypeachkitchen
11,36,This is so cozy!! Definitely what I want on a rainy day â˜ºï¸
11,37,chrissysfitguide
11,38,yum!!
11,39,goodness_with_g
11,40,This is a cold weather mustğŸ˜
11,41,throughthevine
11,42,Omg!!! This is so cozy
11,43,nobody_likes_vegans
11,44,ğŸ¤¤
11,45,thefoodappraiser
11,46,That looks so warm and comforting
11,47,goodfoodforgood
11,48,This looks so creamy ğŸ˜
11,49,doglover2007girl
11,50,ğŸ˜‹ yummmmmmm
11,51,imogencooksveggies
11,52,This looks incredible! ğŸ˜
11,53,krolls_korner
11,54,Risotto is sooo cozy!! Looks absolutely amazing
11,55,starinfinitefood
11,56,Oh it looks so creamy
11,57,thepagel_
11,58,Ohhh this looks so good ğŸ™ŒğŸ»ğŸ¤¤
11,59,livewithsyd
11,60,wow ğŸ˜
11,61,caneel.is
11,62,ğŸ’›
11,63,merleyy_girl
11,64,@kdolinski
11,65,sproutingvitality
11,66,Mmm creamy and delicious
11,67,emsearthyeats
11,68,GIMMIEEEEE ğŸ¥ºğŸ¥ºğŸ¥º
11,69,allyelaynewellness
11,70,Mmmm yes ğŸ˜
11,71,culinahealth
11,72,Omg hellooooo ğŸ˜ğŸ˜ğŸ˜
11,73,esmeraldinasalgado
11,74,â¤ï¸
11,75,thealmondeater
11,76,This is so creamy!! I want to dive right in
11,77,lucasmoura1614
11,78,l'm here to share a testimony on how @Dr_omorodion cured me from cancer and diabetes few years ago I was diagnosed with cancer and after a month I was also diagnosed with diabetes I needed to get it cured by all means so I had to try every means available I was very lucky I met a friend who directed me to doctor Mutaru so I decided to contact him and he prepared some herbs for me and directed me on how to use them I give it a trial for a about 15 days and I felt relieved so I decided to go for a medical checkup and the doctor confirmed me free from cancer and diabetes please do not say to contact @dr_omorodion for any diseases or infections with his email dromorodion@gmail.com or ig link @dr_Omorodion God bless doctor @dr_omorodion for what he has done for me
12,1,daisybeet
12,2,"Havenâ€™t shared a recipe video in a while, so hereâ€™s a how-to of my chocolate peanut butter oatmeal! ğŸ«Â  â €â €â €â €â €â €â €â €â €â €â €â €This easy recipe takes just about 5 minutes to make, and tastes like dessert for breakfast ğŸ¤¤ Itâ€™s vegan, gluten free, full of fiber and plant based protein to keep you full for hours ğŸ’ªğŸ¼ Grab the recipe on my blog, link in bio - https://www.daisybeet.com/chocolate-peanut-butter-oatmeal-vegan-gluten-free/"
12,3,sofitsohealthyy
12,4,Wow ğŸ˜ğŸ˜
12,5,blissfullymommy
12,6,How is your peanut butter so drizzly?
12,7,winniesbalance
12,8,5 minutes iâ€™m downnn ğŸ˜ğŸ¤¤
12,9,simplenbalanced
12,10,Love this idea!
12,11,dianamatuszak_
12,12,Oh heck yes please ğŸ˜
12,13,reggie.eats
12,14,No better combo ğŸ¤¤
12,15,chickpeachick_
12,16,Love this reelâ¤ï¸
12,17,milkedsomecashews
12,18,we love itğŸ˜
12,19,brannananana
12,20,Yum!
12,21,marissaswholelife
12,22,Yumm ğŸ˜
12,23,krolls_korner
12,24,Mmm and the banana in there too yum!!ğŸ˜
12,25,libiabieder
12,26,"Love the old fashioned  oats which takes about 8 to 10 min. To cook. I read, the quick oats have no nutritional  value.  Thank you for the delish recipe. ğŸ¤·â€â™€ï¸ğŸ˜‰ğŸ˜"
12,27,airwaterandgreens
12,28,Looks SO good!!!
12,29,rx2move
12,30,"Warm, gooey peanut ğŸ¥œ butter just get me."
12,31,terianncarty
12,32,Yummmmm
12,33,katiecatnip
12,34,Might have to make this again this weekend! Loved it!
12,35,jill142
12,36,Yum!
12,37,daisybeet
12,38,......#feedfeed #spoonfeed #teamself #iamwellandgood #thekitchn #cookcl #buzzfeedfood #MyDomaineEats #foods4thought #cookcl #eatingwelleats #rslove #thechalkboardeats #bbg #FWhealthy #shapesquad #dietitiansofinstagram #registereddietitian #thenewhealthy #Daisybeet #bareaders #makesmewhole #cookingwithgoodful #f52community #WHStrong #dietitianapproved #vegan #chocolatepeanutbutter
12,39,elisa.health
12,40,ğŸ™ŒğŸ˜ğŸ™Œ
12,41,purely_paige_
12,42,Oh dessert for breakfast ğŸ˜
12,43,l_i_s_a__j_a_n_e_
12,44,What penut butter brand do you use for the oatmeal? â¤ï¸
12,45,hpn_inc
12,46,Wow guilty free ğŸ˜
12,47,feedyourselff
12,48,Holy HECKING heckkkkk ğŸ¤¤ ğŸ˜
12,49,plant.steph
12,50,Oooft yes ğŸ˜
12,51,mealtomeal
12,52,ğŸ˜ğŸ˜
12,53,debbiephillips1
12,54,@jennifergregg9298 yum!
12,55,lukeparish327
12,56,@molliehinson
12,57,eleanorwallis93
12,58,@dowieb26 ğŸ¤¤ğŸ¤¤
12,59,ronamackenziexx
12,60,@charlotteelizabethsykes
12,61,toupine012
12,62,@lafnick
12,63,sara_lynn25
12,64,@krisleroy
12,65,risebrewingco
12,66,Verified
12,67,Need this ğŸš€ğŸš€ofc with a RISE cold brew
12,68,the.top.lifestyle
12,69,YesssğŸ¤¤
12,70,erin_rawtherapy
12,71,ğŸ˜ So yummy!
12,72,tonypeanutspb
12,73,SooOoOo good
12,74,girlswhoeat
12,75,love a good creamy oatbowl!
12,76,chelseyamernutrition
12,77,Sounds DELISH!! ğŸ˜ğŸ˜‹
12,78,fitandwellmedgal
12,79,Dreamy!ğŸ˜
12,80,kitchentwins
12,81,love this vid! and this combo never gets oldğŸ˜‹
12,82,wheyyummy
12,83,these oats are prettier than me
12,84,liveconsciouslywithcami
12,85,Best combo!! Also this reel is amazing! â¤ï¸
12,86,samandherhealth
12,87,So so lush ğŸ˜
12,88,feed.your.soul.sari
12,89,I gotta try making this!
12,90,starinfinitefood
12,91,That looks dreamy
12,92,radicallyrooted
12,93,okay okay ğŸ˜ğŸ˜
12,94,emsearthyeats
12,95,So perf!
12,96,throughthevine
12,97,Oh my ğŸ˜ğŸ˜
12,98,happydaybrands
12,99,All the chocolate â¤ï¸
13,1,daisybeet
13,2,"Raise your hand if you get excited about new tofu recipes like me ğŸ™‹ğŸ¼â€â™€ï¸ This crispy SALT AND PEPPER tofu recipe is a new favorite and itâ€™s easy enough for a weeknight meal.Â  â €â €â €â €â €â €â €â €â €â €â €â €I make tofu a couple times a week for dinner, so Iâ€™m always excited to add a new preparation method to my repertoire. This tofu is pan fried, making it EXTRA crispy on the outside and tender on the inside. So good! Get this vegan, gluten free recipe on my blog - link in bio ğŸ˜˜Â  â €â €â €â €â €â €â €â €â €â €â €â €https://www.daisybeet.com/crispy-salt-and-pepper-tofu-vegan-gluten-free/"
13,3,daisybeet
13,4,......#feedfeed #spoonfeed #teamself #iamwellandgood #thekitchn #cookcl #buzzfeedfood #MyDomaineEats #foods4thought #cookcl #eatingwelleats #rslove #thechalkboardeats #bbg #FWhealthy #shapesquad #dietitiansofinstagram #registereddietitian #thenewhealthy #Daisybeet #bareaders #makesmewhole #cookingwithgoodful #f52community #WHStrong #dietitianapproved #vegan #tofurecipe
13,5,valeriealvarez
13,6,That looks great ğŸ˜ğŸ˜
13,7,chrissysfitguide
13,8,yum!!
13,9,srslydelicious
13,10,Yum!! Gonna propose this to my meal prep client for next week ğŸ™ŒğŸ¼
13,11,louiem418
13,12,ğŸ”¥Yum
13,13,tonypeanutspb
13,14,Yum that crisped tofu ğŸ˜
13,15,cleaneaterr
13,16,Mmm crispy tofu definitely where itâ€™s at
13,17,kalejunkie
13,18,That looks DELICIOUS ğŸ˜
13,19,endocrinenutritionist
13,20,ğŸ˜ğŸ˜ğŸ˜
13,21,whattheforkisalexiseating
13,22,MmmmğŸ™Œ
13,23,simplenbalanced
13,24,Delish!
13,25,the_sportsdietitian
13,26,These looks delicious
13,27,welcomewellnesscoaching
13,28,Canâ€™t wait to try this!!
13,29,goodness_with_g
13,30,The dreamiest tofuğŸ˜ğŸ˜
13,31,meaghan_bosy
13,32,This sounds delicious! Learning to cook with tofu is on my list this year ğŸ˜Š
13,33,ecassidy_
13,34,This looks delicioussss
13,35,livewithsyd
13,36,looks so good!
13,37,emsearthyeats
13,38,Love this combo!!!
13,39,thepagel_
13,40,This meal ğŸ™ŒğŸ»ğŸ¤¤ğŸ’š
13,41,therealkaylacappiello
13,42,Omg Y U M
13,43,sofitsohealthyy
13,44,This looks delish!!!
13,45,amy___tomlinson
13,46,Delicious tofu
13,47,starinfinitefood
13,48,Oh yummy I love that tofu
13,49,healthymoodsf
13,50,So delicious ğŸ˜ğŸ˜ğŸ˜ğŸ˜
13,51,nurturingbodyandmind
13,52,I love tofu! Saving this one ğŸ˜ğŸ‘ğŸ»
13,53,krolls_korner
13,54,Need to add this into our rotation ğŸ˜
13,55,amanda.ghee
13,56,Omg hello ğŸ˜
13,57,winniesbalance
13,58,i loove tofu ! this one looks so good!
13,59,mortavecamour
13,60,@mitchpresnal
14,1,daisybeet
14,2,"Stress baked some cookies last night and wish I could share with all of you ğŸª We made chocolate chip, but these cranberry white chocolate oatmeal cookies are top of mind too ğŸ’• This is my reminder that itâ€™s OK to use food as comfort in times of stress, and to be gentle with yourself when you recognize that is what you need.Â  â €â €â €â €â €â €â €â €â €â €â €â €Recipe for these goodies is on my blog - https://www.daisybeet.com/cranberry-white-chocolate-oatmeal-cookies-with-walnuts/Â  â €â €â €â €â €â €â €â €â €â €â €"
14,3,louiem418
14,4,ğŸ˜‹All good wow treatsğŸ”¥
14,5,simplenbalanced
14,6,Delish!
14,7,veraknipp
14,8,Looks yummyğŸ˜®ğŸ˜®
14,9,the_bananadiaries
14,10,Those white chocolate chips are just perfect!!
14,11,flourishnut
14,12,Heaven â¤ï¸
14,13,nourishedstarts
14,14,Looks delicious ğŸ˜‹ğŸ˜
14,15,goodness_with_g
14,16,Canâ€™t beat these flavorsğŸ¤©
14,17,kalejunkie
14,18,Those are perfect!
14,19,throughthevine
14,20,ğŸ˜ğŸ˜ wow
14,21,happydaybrands
14,22,So good ğŸ¤¤â¤ï¸
14,23,bunchofbri
14,24,Oh yummm!
14,25,keepinlime
14,26,Definitely stress baked over here too! Need to try this recipe next time!
14,27,itsahealthylifestyle
14,28,How cute are these cookies ğŸ˜ğŸ˜ğŸ˜
14,29,adventureswithtyn
14,30,Cookies look so gooood tho
14,31,granarolousa
14,32,This is an amazing post ğŸ‘
14,33,thekellykathleen
14,34,Stress baking is my favorite therapy â˜ºï¸
14,35,katielstjohn
14,36,ğŸ˜‹
14,37,starinfinitefood
14,38,Stress baking is my fave
14,39,sofitsohealthyy
14,40,I want ğŸ˜ğŸ˜ğŸ˜
14,41,radicallyrooted
14,42,OBSESSED ğŸ˜
14,43,allyelaynewellness
14,44,I have these
15,1,daisybeet
15,2,"Cozying up with a bowl of chocolate peanut butter oatmeal this morning ğŸ˜Â  â €â €â €â €â €â €â €â €â €â €â €â €You guys know I could eat oatmeal every day...how about you? I just posted the easy recipe for this fave version on my blog! Itâ€™s super quick to make, naturally sweetened, and full of chocolate peanut butter flavor ğŸ« Â  â €â €â €â €â €â €â €â €â €â €â €â €Recipe is on my blog, link in bio -  https://www.daisybeet.com/chocolate-peanut-butter-oatmeal-vegan-gluten-free/"
15,3,kbrewster71
15,4,I made this for breakfast this morning. Yum! It tastes like dessert and can be a healthy option for my sugar cravings. ğŸ™ŒğŸ½
15,5,shuangys_kitchensink
15,6,Yess plzz
15,7,mb_withasideofpb
15,8,Oh that peanut butter ğŸ˜ğŸ˜
15,9,krolls_korner
15,10,Need to add chocolate to my oats asapğŸ˜ğŸ˜
15,11,kaitgmiller
15,12,WANT
15,13,shapedbycharlotte
15,14,It look so cozy and delicious!ğŸ¤—
15,15,happydogsboston
15,16,Looks yummy ğŸ’•
15,17,thealmondeater
15,18,The best oatmeal flavor combo!
15,19,healthymoodsf
15,20,So beautiful and cozy ğŸ˜
15,21,lilys_sweets
15,22,Verified
15,23,Cozy and deliciousğŸ¥°ğŸ¥°
15,24,daisybeet
15,25,......#feedfeed #spoonfeed #teamself #iamwellandgood #thekitchn #cookcl #buzzfeedfood #MyDomaineEats #foods4thought #cookcl #eatingwelleats #rslove #thechalkboardeats #bbg #FWhealthy #shapesquad #dietitiansofinstagram #registereddietitian #thenewhealthy #Daisybeet #bareaders #makesmewhole #cookingwithgoodful #f52community #WHStrong #dietitianapproved #chocolatepeanutbutter #vegan
15,26,tonypeanutspb
15,27,All the PB please ğŸ™‹
15,28,spolechio77
15,29,Made this as a late dinner. Just got home from work and I needed something. It's like dessert
15,30,hakalifewarrior
15,31,yummmm...
15,32,terrakeyser
15,33,this is a dreamâ¤ï¸
15,34,bunchofbri
15,35,YUMğŸ˜
15,36,lets.get.natural
15,37,Freaking yum! I had to call my boyfriend over to show him how good this looks!
15,38,kalejunkie
15,39,Looks delicious ğŸ˜
15,40,debbie_ann_393
15,41,I want some! ğŸ’œ
15,42,whattheforkisalexiseating
15,43,OoooğŸ˜
15,44,nourished.byplants
15,45,ğŸ˜ğŸ˜ğŸ˜ğŸ˜
15,46,goodness_with_g
15,47,Cozy is rightğŸ˜ğŸ˜
15,48,katie_thedietitian
15,49,Yum! Chocolate for breakfast? Yes please ğŸ™ŒğŸ»
15,50,fitandwellmedgal
15,51,Delish ğŸ˜
15,52,briewilly
15,53,I remember bowls like this I made back in the dayğŸ˜‰
15,54,donutworry_behealthy
15,55,Oh my gosh this is SO DREAMY ğŸ˜
15,56,goodfoodforgood
15,57,Okay I want to dive in and lick the spoon! What a wonderful and nourishing bowl. I need to start eating oatmeal more frequently
15,58,letmefitbe
15,59,@llyon So much good food.
15,60,tina_parker89
15,61,@ames_hopkins ğŸ¤¤
15,62,endocrinenutritionist
15,63,this looks so delicious ğŸ˜ @dawn_noe_rdn
15,64,walderwellness
15,65,A classic!
15,66,theskinnydoughnut
15,67,This looks so amazing ğŸ¥°ğŸ™Š
15,68,dvashorganics
15,69,So cozy and delicious ğŸ˜
15,70,emsearthyeats
15,71,so decadent âœ¨ğŸ˜
15,72,starinfinitefood
15,73,Oh how dreamy is this
15,74,risebrewingco
15,75,Verified
15,76,YumğŸš€ğŸš€ğŸš€
15,77,tua_neter
15,78,Wow you really have amazing content!
15,79,livewithsyd
15,80,yummy ğŸ’›
15,81,happydaybrands
15,82,Here for the chocolate peanut butter oatmeal ğŸ˜€ğŸ‘
15,83,becksliveshealthy
15,84,What a dreamy bowl!ğŸ˜ğŸ˜
15,85,spoonzys
15,86,The BEST!
15,87,joyful.plate
15,88,Mmmmmm!
15,89,winniesbalance
15,90,i wanna cozy up to this ğŸ˜ğŸ˜
15,91,thepagel_
15,92,Drooling over this start to the day ğŸ¤¤
15,93,the_baking_dietitian
15,94,"Oh my gosh, this looks so dreamy! All my favorite things in one bowl! ğŸ˜"
15,95,whatchristineeatss
15,96,Definitely an oatmeal gal over hereğŸ™‹ğŸ»â€â™€ï¸
15,97,whatchristineeatss
15,98,In love ğŸ¤©
15,99,amy___tomlinson
15,100,This drizzle
15,101,sofitsohealthyy
15,102,The drizzle is killing meğŸ§¡
15,103,chiasmash
15,104,So cozy! âœ¨
15,105,naturallybeingnat
15,106,that peanut butter drizzle ğŸ˜
15,107,granarolousa
15,108,Looks so tasty ğŸ˜‹ğŸ’›
15,109,radicallyrooted
15,110,this is absolutely amazing ğŸ˜
15,111,therealkaylacappiello
15,112,Wow this looks like a D R E A M
15,113,edelinao
15,114,looks so goodâ¤ï¸
15,115,jaclynliveswell
15,116,This bowl ğŸ˜ğŸ˜
15,117,michal_knoll
15,118,looks incredibly delicious! ğŸ¤¤
15,119,onebalancedlife
15,120,Looks so cozy!!!
15,121,itsahealthylifestyle
15,122,I love chocolate and peanut butter oatmealğŸ˜ğŸ˜
15,123,thesmilingut
15,124,This looks divine ğŸ˜
15,125,flourishnut
15,126,In love ğŸ˜
15,127,platesoftate
15,128,Oh yum. All that PB ğŸ˜
15,129,_heal.thy.self_
15,130,This looks amazing ğŸ™Œâ˜ºï¸
15,131,cleaneaterr
15,132,Oh so cozy ğŸ¤©ğŸ˜
