Name,Total_posts,Follower,Following,Verified,Meta_descr,Page_links
actor_avinash_official,537,39k,204,0,"Actor, Model & Dancer Fashion Enthusiast ♦️Optimist♦️ DM for paid collaboration",https://www.instagram.com/actor_avinash_official/
africangallerybay,666,31.8k,20,0,Go join our youtube team now 👇🏽👇🏽,https://www.instagram.com/africangallerybay/
arianerein,143,21.3k,"1,704",0,⛅ hey there! it's ariane 📩 arianerein.collab@gmail.com ✨ new vlog ☽︎,https://www.instagram.com/arianerein/
andreea__87,"1,069",26.7k,"3,229",0,"#naturelovers 🌿#fashion 👒#beauty💄 -DM for collab 📩 📧andreea.calinoschi@novaoptic.ro Nurse @novaoptic.clinicaoftalmologica Mommy of 2❤Andrei&Maya,wife",https://www.instagram.com/andreea__87/
rayuaniklan,"1,174",38.7k,394,0,"Menikmati kreativitas iklan di indonesia. konten dominasi oleh dunia otomotif yg berasal Dari dokumentasi pribadi, kiriman kontributor & dunia maya.",https://www.instagram.com/rayuaniklan/
endorserofficial,47,90.9k,"1,145",0,"KOL Service Ecosystem ""Everyone Unique"" PT. Anttara Media Indonesia Join talent LINK ⬇️",https://www.instagram.com/endorserofficial/
paulinnefreire,"1,193",75.6k,498,0,📍Manhattan Natural beauty • Fashion • High end fabric enthusiast PR Clarisse@merkate.com.br,https://www.instagram.com/paulinnefreire/
narsobsession,406,44.3k,243,0,"Vienna, Austria 📍 Inquires: contactallcaughtup@gmail.com Biggest fan of @narsissist #nars #narsissist #narsobsession",https://www.instagram.com/narsobsession/
theturnerhouseproject,204,106k,964,0,Sarah & James Renovating a 1930s semi 🏡 What have we done? Parenting adventures: @theunmumsymum Email: theturnerhouseproject@gmail.com,https://www.instagram.com/theturnerhouseproject/
sweatsandthecity,"1,700",106k,"1,160",0,"BY ELIZABETH & DALE. Your go-to health, wellness + class review destination ~ est. 2016. SWEAT WITH SWEATS 👇🏻",https://www.instagram.com/sweatsandthecity/
playtime.messy.madness,607,33.3k,475,0,🇦🇺Teacher now enjoying play at home mum life👨‍👩‍👦‍👦 👶 M- 3 years old 👶B- 13 months old 💙💙 🍃DM to collaborate🍃,https://www.instagram.com/playtime.messy.madness/
sicily.island,851,21.3k,"1,215",0,This is a page full of Love for Sicily FB Sicily Island tag👉#sicilyisland Benvenuti nella splendida Sicilia.,https://www.instagram.com/sicily.island/
mattih23,960,24.5k,"6,028",0,"Per chi viaggia in direzione ostinata e contraria. 26/yo Based in Milan 📍 Sicily,Modica ☀️️ mattia.hichri@icloud.com",https://www.instagram.com/mattih23/
ashistudy,474,41.6k,124,0,"📍 YVR 🇨🇦🇯🇵🇫🇯 🎁 22 || a lost UNI student 👉🏼 my stationery shop @ashionery ☺️ links to @sudio, @personalplanner, and @skillshare",https://www.instagram.com/ashistudy/
cochastyle,"2,020",34.9k,"1,933",0,Cornelia Charlotte 🌹No Age is the New Black 🌹58📍🇩🇪 Aux 🌹Fashion 🌹 Travel 🌹Beauty mail@cochastyle.com #eyewearblogger #jewelryblogger,https://www.instagram.com/cochastyle/
danbening,"1,389",57.2k,"5,067",0,#LemonSquad by @lemoninfluencer.id @asosiasiinfluencerindonesia @chicmanagement_id @oninfluencer @luufluencer 📥 DM for any inquiries,https://www.instagram.com/danbening/
shalinirunnoo,"1,480",33.6k,931,0,Mauritian ☀️ 🌴 Content Creator | Communication Consultant Wish me on 28 March 🎂,https://www.instagram.com/shalinirunnoo/
fooya,"2,594",66.5k,295,0,Gamer & Twitch Streamer Powered by @gfuelenergy USE CODE ‘Fooya’,https://www.instagram.com/fooya/
rayuaniklan,"1,174",38.7k,394,0,"Menikmati kreativitas iklan di indonesia. konten dominasi oleh dunia otomotif yg berasal Dari dokumentasi pribadi, kiriman kontributor & dunia maya.",https://www.instagram.com/rayuaniklan/
jeanpaulbardelot,"3,177",27k,269,0,"Dutch Photographer from Noord-Holland ➰ Loves fog, windmills & travels (27+ countries) ➰ 📷Canon + IPhone",https://www.instagram.com/jeanpaulbardelot/
antoniohair,"6,338",21.8k,881,0,014641222brThe best hairstylist CABELLO A.D....nema ružnih ljudi samo niste isfrizirani:)new salon Mesnička 8 AD HAIR VIP studio❤️on facebook,https://www.instagram.com/antoniohair/
melodyslife,"1,432",121k,905,0,"by grace, through faith hubby @nycrudy / dominicana ✉️ melody@melodyslife.com new youtube video:",https://www.instagram.com/melodyslife/
summersheekey,161,64.8k,470,0,jersey girl living in LA🦋 summersheekey@select.co 440k on YouTube TRY-ON HAUL⇩,https://www.instagram.com/summersheekey/
butwhatshouldiwear,"1,293",100k,998,0,"Outfit repeater, sunset lover + outfit links, youtube & @wanderpresets 👇🏼",https://www.instagram.com/butwhatshouldiwear/
_viluong,609,70.4k,619,0,digital bad bish tingz ✨ 1M+ on Tik Tok 💫 empty apartment tour + cloud bed dupe unboxing:,https://www.instagram.com/_viluong/
trinitysierra,628,64.4k,"2,848",0,+ married to my forever sweetheart + mama of two #girlmom + collabs: trinpounds@gmail.com + founder @dearlittleyouu latest video👇🏽,https://www.instagram.com/trinitysierra/
camilla.vintage,909,50.9k,"1,128",0,Vintage lover and romantic soul. 🕊 From a big city to an Italian countryside. 🌾 Living and designing fashion in Tuscany. ⚜️ 🛎 Shop my dresses online👇🏻,https://www.instagram.com/camilla.vintage/
pxabodyart,"6,140",121k,"7,499",0,Tattoo Studio 🇪🇸Sponsors:*Rockstar*GabrielGlas*Sanmartí*Coyomar*Quatat*Number0*Radiant*Balm*Electrum*Killerink,https://www.instagram.com/pxabodyart/
samuele__p__,166,105k,463,0,YOU CAN’T AFFORD IT 👇🏾👇🏾👇🏾,https://www.instagram.com/samuele__p__/
laurac_phibrows,"2,018",112k,"5,537",0,"Laura C. PhiAcademy Trainer Microblading Educations Educations- 📞07411199559 Treatments - 📞07799458293 📧 laura@phibrows.com Central London, Chelsea",https://www.instagram.com/laurac_phibrows/
sakiiiii20,976,27.1k,292,0,fukuoka👩🏼‍💻メイク講師・元美容部員 コスメコンシェルジュインストラクター 集英社MAQUIA公式トップブロガー💓 美容ライター 記事掲載中✏️ @tobuy_official @bybirth_official @gatta_media お仕事依頼はDMorメールまで✉,https://www.instagram.com/sakiiiii20/
streetstylemvm,319,29.3k,253,0,"""Fashion is the armor to survive the reality of everyday life."" We are a Unique Fashion Magazine! 📍 Romania",https://www.instagram.com/streetstylemvm/
chloelolamakeup,920,24.1k,557,0,~ Beauty Blogger ~ Makeup Artist #Bordeaux ~ Marketing Consultant Mail: chloelolamakeup@gmail.com,https://www.instagram.com/chloelolamakeup/
lawrencepurofficial,"1,729",56.4k,45,0,Providing luxury menswear since 1954,https://www.instagram.com/lawrencepurofficial/
valentinascarnecchia,"2,211",27k,320,0,#italiafoodlovers @foodnetworkitalia Multitasking•Storyteller📖#foodbloggeratipica The Queen of carbonara🥓 Per prestazioni occasionali➡️askcircus.it,https://www.instagram.com/valentinascarnecchia/
iritu_,559,105k,252,0,Creator @swayitright DM for collaboration/ paid promotion 💌 Business enquiry: ritushreesahoo20@gmail.com 🔽,https://www.instagram.com/iritu_/
lambodar_creation,"1,929",70.9k,178,0,"📞Kalpesh -9870757535 Rohan -9773275315 Akshay -9930376089 MANUFACTURE/WHOLESALER/RETAILER 💯Customer Trust is Primary, Business Is Secondary🌹 WHATSAPP👇",https://www.instagram.com/lambodar_creation/
miku_cosmake,293,34.6k,41,0,元美容部員/美容ライター💋 ※新規まとめサイトへの転載は全てお断りしております。 新卒→国内メーカーBA(3年半)→美容ライター(web) ▷化粧品検定1級/コスメコンシェルジュ ▷化粧品成分検定1級/上級スペシャリスト,https://www.instagram.com/miku_cosmake/
mire_graphic,568,36.8k,"7,500",0,MIRELLA GONZALEZ ✨Artistry in Beauty✨ 💄Maquillista Pro @mire_beauty 🍫Reposteria @miresweetcreations 💋Makeup & Collab DM / EMAIL 📩 ❤️ @vic.azee ❤️,https://www.instagram.com/mire_graphic/
lucadebrito,643,68.7k,286,0,"📸 Fashion, Travel & Lifestyle 🇩🇪 Based in Germany » Sharing my style here. Contact: luca_debrito@gmx.de Next: Hamburg ✈️",https://www.instagram.com/lucadebrito/
trendsettersofkashmir,140,35.1k,683,0,Hit The Follow Button 👆 Best Shoutout Page 👌 DM Pic's To Get Featured 📷 Dm for collaboration 💌 Dm for bussiness Paid promotions 💥 DM your Videos 📸,https://www.instagram.com/trendsettersofkashmir/
heldbikerfashion,379,22.5k,266,0,Welcome to the official Held Biker Fashion account! #heldbikerfashion #beheroic,https://www.instagram.com/heldbikerfashion/
mimialamer_,"2,780",37.3k,"1,368",0,"Beachwear, Resortwear and Knitwear brand • Made in Italy • 🇮🇹 💌 info@mimialamer.com",https://www.instagram.com/mimialamer_/
an_loran,446,105k,218,0,MODEL|ACTRESS Здоровье твоей кожи #anloran_skincare Мой авторский гайд по уходу за кожей с помощью натуральной косметики Cooperation -@pr.an_loran,https://www.instagram.com/an_loran/
francesca_stoico_official_page,"1,102",68.1k,659,0,🏆4xProChamp 🏆3x @mrolympiallc #teampannain @scitecnutrition,https://www.instagram.com/francesca_stoico_official_page/
scandinaviancloset,674,63.6k,668,0,• Menswear enthusiast | fashion & lifestyle • Denmark | Copenhagen • scandinaviancloset@gmail.com • Part of @mads_and_robin Shop Asket essentials👇🏻,https://www.instagram.com/scandinaviancloset/
thecuratedfarmhouse,"1,713",101k,"3,155",0,Home & Lifestyle Blogger DIY-er + Fixer Upper Veteran’s Wife ❤️ Vintage Decor + Thrifting Co-Owner @thesocialgatheringretreat DM/Email to Collaborate,https://www.instagram.com/thecuratedfarmhouse/
debanddanelle,876,150k,353,0,• Rental Fixer Upper • Camper Reno • New Build • Humorous and a little inappropriate 👆🏻WATCH STORIES 👆🏻... @fohr.co verified,https://www.instagram.com/debanddanelle/
bigcradds23,502,38.6k,"1,040",0,Kent - UK📍 Model - Fashion | Fitness | lifestyle DM for enquiries 📨,https://www.instagram.com/bigcradds23/
user_sangsa,175,67.5k,574,0,I’m crazy but you like that,https://www.instagram.com/user_sangsa/
vogue_royalty2,"16,192",27.2k,"7,367",0,"❤️ WE LOVE FASHION! 👠👗👖👞👔👜👡 -TO BE FEATURED, USE #vogue_royalty2 (DM Us for DAILY FEATURES) -🚫ZERO TOLERANCE FOR ANY RUDENESS!",https://www.instagram.com/vogue_royalty2/
carla.wiedbrauk,414,22.1k,573,0,"💌 carla.instagram@gmx.de 🌴travel, 🥥food, 👙fashion & 💪🏼fitness 🏄🏼‍♀️Code: “Carla” bei @prozis",https://www.instagram.com/carla.wiedbrauk/
rissii_,120,72.1k,70,0,"👩🏻‍🦰 REDHEAD WITH FRECKLES | twenty ✉️ looking forward to new cooperations 📍Leipzig, Germany",https://www.instagram.com/rissii_/
makeupmaniacscosmetics,"3,866",51.7k,370,0,A Glow For Every Goddess.® Home of the Color Bind™️ Eyeliners!🦄TAG US!🐰Cruelty free. Self expression shouldn’t be censored🌈 @mothermaniac,https://www.instagram.com/makeupmaniacscosmetics/
khalsacollege_wale,"1,919",44.2k,"3,936",0,🦅 1 & ONLY {OFFICIAL ACCOUNT}🦅 @khalsacollege_wale 📝 ➡️ Since 2015 ⬅️ . 🦅Majha Block🦅 . 👇Promotion Dm 👇📩 . ♛AMBARSAR♛ 📝 Update Enquiry DM 📩,https://www.instagram.com/khalsacollege_wale/
letsgostylish_,617,21.1k,415,0,"Fashion Coach & Influencer Vegetarian🌱 📍Mumbai,India 📧: lgsluxury@gmail.com",https://www.instagram.com/letsgostylish_/
love87.11.12,416,84k,"1,401",0,💋JKF女郎💋 ✨歡迎信箱或小盒子邀約合作 代言 業配 旅遊 餐廳✨ 生日:87/11/12🐯 星座:♏ 電子寫真網站在下方👇🏻 FB粉絲團：薇幸の幸福世界。 @jkftaipei #JKF女郎 #JVID,https://www.instagram.com/love87.11.12/
sofia_2001_4,467,58.5k,338,0,19 y. o. TWIN @anastasia_2001_4 💋 DANCER/GYMNAST For cooperation ➡️ direct @teamsportgala ambassador🌟,https://www.instagram.com/sofia_2001_4/
kimlycurry,"2,351",49.2k,"7,465",0,"We love you #scotchtrooper Mpls, MN. I'm food-obsessed and I love to eat and travel. @zagat Top 100 Food IGers in the U.S. #lilmissfoodie",https://www.instagram.com/kimlycurry/
elicongedi,"1,600",25.4k,"2,360",0,"📍 𝕃𝕖𝕔𝕔𝕖 - 𝕌𝕘𝕖𝕟𝕥𝕠 𝟚𝟟 🏝 𝙾𝚠𝚗𝚎𝚛 @dimorailgirasole 👗 𝙵𝚊𝚜𝚑𝚒𝚘𝚗-✈️ 𝚃𝚛𝚊𝚟𝚎𝚕-📸 𝙿𝚑𝚘𝚝𝚘𝚐𝚛𝚊𝚙𝚑𝚢 𝚕𝚘𝚟𝚎𝚛 ✨ 𝕎𝕠𝕣𝕜 𝕙𝕒𝕣𝕕,𝕙𝕒𝕧𝕖 𝕗𝕦𝕟,𝕞𝕒𝕜𝕖 𝕙𝕚𝕤𝕥𝕠𝕣𝕪!✨",https://www.instagram.com/elicongedi/
sexlounge_,770,30.8k,327,0,➳ W(24) & M(25)👫🏻 💬 Umfragen & Fakten 🧠 💌 Kostenlose Beratung per DM 👩🏻‍💻 Ratschläge & Tipps Impressum: https://johndillon1506.wixsite.com/impressum,https://www.instagram.com/sexlounge_/
fashionfundi,"1,144",23.7k,992,0,Digital Inspirer ✨ Style | Beauty | Travel | Life Collab Inquiries ⬇️ 💌 fashionfundiblog@gmail.com,https://www.instagram.com/fashionfundi/
roycey_boy,"1,482",106k,241,0,"Jesus first. CF Games individual 18; CF Total event winner. CF Games team 16/20. Head Coach Crossfit Torian, Australia. Father of 3, Husband of 1.",https://www.instagram.com/roycey_boy/
mikeandmerytv,"2,962",47.2k,411,0,➽TRAVEL BLOGGER➳CONTENT CREATORS ★Web & Youtube: mikeandmerytv ♥ Nuestros Presets @mikeandmerypresets ✎mikeandmery@gmail.com ✈︎...♡,https://www.instagram.com/mikeandmerytv/
justlikedrew,"2,987",22.2k,"1,886",0,I lost a bunch of weight 😘🙌🏽 #Makeup 💄 #Mom #Wisco 🎯 #Glitter ✨ 🦄 #bodypositive @josh_is_more 💍 Collab 📩 justlikedrewrad@gmail.com #Justli,https://www.instagram.com/justlikedrew/
luisiana.romanella,"1,161",52.9k,"1,649",0,👑𝘍𝘐𝘕𝘈𝘓𝘐𝘚𝘛𝘈 𝘕𝘈𝘡𝘐𝘖𝘕𝘈𝘓𝘌 𝘔𝘐𝘚𝘚𝘔𝘖𝘕𝘋𝘖 ITALIA2017 👸🏼MissMondoItaliaWeb2017 Ambassador @missmondoitalia 2018/19 💌luisianaro97@gmail.com LR15 (15% Off) ⬇️,https://www.instagram.com/luisiana.romanella/
mogzee_m,869,47.8k,"2,708",0,💕My style my way 😀 💕Over 50 and loving it 💕Northumberland 💕Cooper my sidekick 🐶🐶 💕Supporting small business 💕DM for collabs,https://www.instagram.com/mogzee_m/
nourhannagy91,723,64.2k,385,0,Egypt🇪🇬Oman🇴🇲Fashion Blogger Hijab Fashion Influencer Art Teacher Owner @ranet_kholkhaly12 E_mail Business 👇Or DM 📩 shs.pomp12@gmail.com,https://www.instagram.com/nourhannagy91/
kosme_jp,471,52k,"1,009",0,韓国＋コスメオタクの﻿アラサーOLが 運営する美容マガジン📖✨ 元美容ライター/スキンケアマイスター資格/渡韓歴8年﻿🖋  ご質問やお問い合わせはDMへ✉️ ブログも公開中👇,https://www.instagram.com/kosme_jp/
vaayaindia,"1,737",31.4k,660,0,"• Body Positive: XXS-9XL & combination sizes • Made to Order: no inventory & no wastage. Each piece, handcrafted especially for you • Sustainable",https://www.instagram.com/vaayaindia/
david_zalka,448,34.6k,299,0,👔 Men’s fashion & lifestyle blogger from 🇭🇺 🎙Podcast owner @hypegrampodcast,https://www.instagram.com/david_zalka/
oxanagoralczyk,337,57.2k,560,0,✒️ Fashion designer & illustrator // Paris ⚡️ Work/collabs : oxanagoralczyk@gmail.com ◼️ Now : Givenchy Haute Couture,https://www.instagram.com/oxanagoralczyk/
topshelfbeaute,"1,818",30.9k,966,0,Australia’s premium beauty and wellness file.,https://www.instagram.com/topshelfbeaute/
the_fashion_hub,"5,410",37.2k,"2,454",0,| Fashion | Beauty | Lifestyle | collaborations@thefashionhub.co.uk,https://www.instagram.com/the_fashion_hub/
mamaolivek,907,90k,"1,955",1,🔆 Epicurean 👩🏾‍🤝‍👩🏿Tiny human raiser 🇰🇪 Kenyan 💛 Lifestyle 🤙🏽 Foodie 🍕Travel🏝🔆 📸 @tatianakaranja • 🎬 All About Us 👇,https://www.instagram.com/mamaolivek/
the.epoch.london,338,48.4k,530,0,House of Toile 〰️Handmade to order by me {@trinidad_segura} one woman team〰️ ‘HOW TO ORDER’ highlight on my profile,https://www.instagram.com/the.epoch.london/
_rorita_ma,201,72.5k,380,0,🌶Rorita🍯 ♐️ '97 📌 #Sardegna 🇮🇹 📨 COLLABORAZIONI: Collab.madedduaurora@gmail.com 🎥TIKTOK: RORITAMA,https://www.instagram.com/_rorita_ma/
lavenderandlovage,"9,071",28.5k,"5,048",0,"Freelance Food & Travel Writer🍴Content Creator🍴Bespoke Recipe Developer 🍴Guild of Food Writers 🍴from North Yorkshire via SW France, now in North Wales",https://www.instagram.com/lavenderandlovage/
irietoaurora,613,56k,"1,450",0,Writer | Podcaster | Digital Nomad 🚐 Irie: state of feeling great 👩🏾‍💻Founder @diversify.vanlife 🎙@nomadsattheintersectionspod 💰@irietoaurora LINKS👇🏾,https://www.instagram.com/irietoaurora/
_genesissaldana,79,22.3k,390,0,>•ᴡᴇʟʟɴᴇꜱꜱ ᴄᴏᴜɴꜱᴇʟɪɴɢ •< 🥗🥑💪🏽💄💋 ꜱᴏᴄɪᴏʟᴏɢʏ ꜱᴛᴜᴅᴇɴᴛ 👩🏽‍🎓✨ 𝐼 𝒽𝒶𝓋𝑒 𝒶 𝒸𝒶𝓂𝑒𝓇𝒶 📸 𝐼’𝓂 𝓂𝓎 𝒹𝑜𝑔’𝓈 🐶 𝓅𝑒𝓇𝓈𝑜𝓃𝒶𝓁 𝓅𝒽𝑜𝓉𝑜𝑔𝓇𝒶𝓅𝒽𝑒𝓇💕,https://www.instagram.com/_genesissaldana/
ceramicsmagazine,"1,243",135k,247,0,The #Ceramiclicious Community of Instagram Made by YOU : 𐃴 ) JOIN our gallery TAG #ceramicsmagazine MORE 𐃬 𐃡 𐃢 ▿,https://www.instagram.com/ceramicsmagazine/
davinzgarcia,460,44k,"1,563",0,"🇵🇭 🇮🇹 Founder @acozydeal @garcified 📍Milan, Italy Inquiries: davinzgarcia@icloud.com",https://www.instagram.com/davinzgarcia/
sabrinaaga_,909,100k,526,0,✉️ sabrinaga_@hotmail.com,https://www.instagram.com/sabrinaaga_/
ohstarhunter,"14,210",80.7k,"4,160",0,"StarHunter Entertainment Co.,Ltd 🏆 Founder SBFIVE 🏆STAR HUNTER ASIA🏆 Rabiangzabb Restaurant BKK ⭐Artist Management Work 📞096-859-4442",https://www.instagram.com/ohstarhunter/
tomoyoshi_takada,"1,043",93.7k,427,0,𝙁𝙖𝙨𝙝𝙞𝙤 𝘾𝙧𝙚𝙖𝙩𝙤𝙧 Founder of @siamovicini Creative director of @colony_clothing @santamarianovellasingapore #takadachannel (YouTube),https://www.instagram.com/tomoyoshi_takada/
birdandkite,"2,769",66.4k,"2,180",0,Bali to Byron Bay ~ Conscious & Slow - Artisan Crafted ~ Made in small batches ~ We Donate to I = Change with every order.,https://www.instagram.com/birdandkite/
klarstein_de,"1,088",45.2k,988,0,"We ❤️ Food! Gesund, lecker, vielfältig! Lasst euch inspirieren oder inspiriert uns: #meinklarstein 👇Entdeckt unsere Küchen- & Haushaltslieblinge",https://www.instagram.com/klarstein_de/
itsmarcelloofficial,820,21k,322,0,Nordstrom Customer Service All-Star Interactive Shopping The glow up is real Dm for Chanel I Appreciate you shopping through my Link and swipe ups. 🙏🏻,https://www.instagram.com/itsmarcelloofficial/
julienfranks,687,87.1k,447,0,I’m Julie ✌️Sharing affordable finds. ✨Click the link below to shop my @liketoknowit & highlights for try ons ✨📍TX 💌Contact: julienfranks@gmail.com,https://www.instagram.com/julienfranks/
queyoun,869,104k,"7,492",0,"For business inquiries please email: queyoun.makor@gmail.com @wilhelminamodels #willysocial 📍Dallas, Texas",https://www.instagram.com/queyoun/
